CRASH_DAY_NUM,CRASH_DAY,CRASH_HOUR,CRASH_YEAR,FATAL,NONE,NONINCAPACITATING_INJURY,NO_INDICATION_OF_INJURY,REFUSED_EMS,REPORTED_NOT_EVIDENT,INCAPACITATING_INJURY
0,Sun,0,2022,1,0,62,626,0,24,13
0,Sun,0,2021,4,0,125,1170,0,51,16
0,Sun,0,2020,0,0,94,1091,0,32,20
0,Sun,0,2019,1,0,93,1233,0,54,15
0,Sun,0,2018,0,0,93,1277,0,46,23
0,Sun,1,2022,1,0,43,612,0,23,9
0,Sun,1,2021,4,0,93,1175,0,38,22
0,Sun,1,2020,1,0,76,934,0,21,18
0,Sun,1,2019,3,0,95,1202,0,33,26
0,Sun,1,2018,4,0,82,1219,0,42,15
0,Sun,2,2022,1,0,62,631,0,21,14
0,Sun,2,2021,2,0,115,942,0,38,37
0,Sun,2,2020,3,0,88,721,0,19,15
0,Sun,2,2019,0,0,77,1034,0,48,16
0,Sun,2,2018,3,0,69,928,0,24,15
0,Sun,3,2022,1,0,59,523,0,31,7
0,Sun,3,2021,3,0,83,871,0,27,29
0,Sun,3,2020,3,0,83,626,0,21,22
0,Sun,3,2019,4,0,77,947,0,45,15
0,Sun,3,2018,3,0,90,939,0,27,19
0,Sun,4,2022,1,0,34,352,0,9,9
0,Sun,4,2021,2,0,63,540,0,27,18
0,Sun,4,2020,6,0,58,496,0,14,18
0,Sun,4,2019,2,0,58,688,0,23,17
0,Sun,4,2018,3,0,55,684,0,19,19
0,Sun,5,2022,1,0,29,240,0,16,8
0,Sun,5,2021,0,0,33,420,0,13,14
0,Sun,5,2020,1,0,28,308,0,40,8
0,Sun,5,2019,1,0,56,538,0,21,20
0,Sun,5,2018,1,0,50,589,0,9,9
0,Sun,6,2022,1,0,15,185,0,5,5
0,Sun,6,2021,0,0,38,367,0,19,1
0,Sun,6,2020,0,0,22,310,0,7,6
0,Sun,6,2019,0,0,44,430,0,26,9
0,Sun,6,2018,0,0,33,447,0,15,8
0,Sun,7,2022,0,0,8,188,0,5,0
0,Sun,7,2021,0,0,38,408,0,18,6
0,Sun,7,2020,0,0,28,307,0,17,7
0,Sun,7,2019,0,0,50,409,0,17,5
0,Sun,7,2018,1,0,34,418,0,12,17
0,Sun,8,2022,0,0,24,298,0,18,2
0,Sun,8,2021,0,0,41,499,0,16,5
0,Sun,8,2020,0,0,32,411,0,15,9
0,Sun,8,2019,0,0,32,599,0,14,10
0,Sun,8,2018,1,0,39,475,0,7,7
0,Sun,9,2022,0,0,19,389,0,12,2
0,Sun,9,2021,1,0,37,830,0,18,4
0,Sun,9,2020,0,0,35,564,0,13,5
0,Sun,9,2019,0,0,57,821,0,21,7
0,Sun,9,2018,0,0,56,917,0,17,10
0,Sun,10,2022,0,0,36,567,0,17,2
0,Sun,10,2021,2,0,62,1145,0,46,7
0,Sun,10,2020,0,0,57,835,0,16,15
0,Sun,10,2019,0,0,54,1199,0,23,7
0,Sun,10,2018,2,0,56,1172,0,24,12
0,Sun,11,2022,0,0,41,657,0,24,6
0,Sun,11,2021,2,0,76,1316,0,28,14
0,Sun,11,2020,0,0,55,1098,0,35,14
0,Sun,11,2019,0,0,68,1577,0,37,12
0,Sun,11,2018,0,0,71,1574,0,39,15
0,Sun,12,2022,0,0,42,902,0,26,5
0,Sun,12,2021,3,0,86,1523,0,49,28
0,Sun,12,2020,0,0,72,1286,0,46,15
0,Sun,12,2019,1,0,84,1700,0,35,20
0,Sun,12,2018,0,0,85,1836,0,66,13
0,Sun,13,2022,0,0,41,950,0,13,8
0,Sun,13,2021,0,0,85,1793,0,42,22
0,Sun,13,2020,0,0,87,1416,0,55,11
0,Sun,13,2019,0,0,98,2081,0,65,15
0,Sun,13,2018,1,0,104,2040,0,57,13
0,Sun,14,2022,1,0,50,1100,0,37,12
0,Sun,14,2021,1,0,129,1959,0,52,31
0,Sun,14,2020,1,0,78,1608,0,56,6
0,Sun,14,2019,1,0,144,2128,0,64,19
0,Sun,14,2018,0,0,97,2087,0,43,18
0,Sun,15,2022,1,0,49,934,0,30,9
0,Sun,15,2021,0,0,99,1887,0,71,15
0,Sun,15,2020,1,0,81,1427,0,51,16
0,Sun,15,2019,0,0,82,2118,0,51,14
0,Sun,15,2018,1,0,115,2135,0,49,21
0,Sun,16,2022,0,0,51,831,0,24,6
0,Sun,16,2021,0,0,96,1847,0,35,18
0,Sun,16,2020,1,0,104,1642,0,44,18
0,Sun,16,2019,0,0,75,1824,0,46,11
0,Sun,16,2018,1,0,116,1919,0,75,24
0,Sun,17,2022,0,0,42,938,0,36,13
0,Sun,17,2021,1,0,94,1710,0,60,17
0,Sun,17,2020,0,0,93,1544,0,54,21
0,Sun,17,2019,1,0,87,1827,0,41,10
0,Sun,17,2018,2,0,96,1950,0,49,11
0,Sun,18,2022,0,0,62,837,0,29,9
0,Sun,18,2021,0,0,97,1754,0,59,12
0,Sun,18,2020,1,0,100,1411,0,59,13
0,Sun,18,2019,3,0,80,1755,0,57,9
0,Sun,18,2018,1,0,110,1702,0,46,19
0,Sun,19,2022,0,0,44,684,0,29,6
0,Sun,19,2021,6,0,91,1394,0,46,21
0,Sun,19,2020,1,0,91,1219,0,34,17
0,Sun,19,2019,1,0,72,1315,0,50,20
0,Sun,19,2018,1,0,102,1467,0,47,18
0,Sun,20,2022,0,0,57,577,0,24,11
0,Sun,20,2021,0,0,99,1136,0,34,15
0,Sun,20,2020,2,0,83,1043,0,35,10
0,Sun,20,2019,1,0,69,1114,0,49,11
0,Sun,20,2018,1,0,73,1000,0,33,20
0,Sun,21,2022,0,0,37,520,0,36,10
0,Sun,21,2021,1,0,101,1154,0,41,26
0,Sun,21,2020,1,0,77,911,0,43,12
0,Sun,21,2019,0,0,53,1005,0,39,12
0,Sun,21,2018,0,0,61,1024,0,25,11
0,Sun,22,2022,2,0,41,522,0,26,9
0,Sun,22,2021,0,0,63,983,0,29,13
0,Sun,22,2020,1,0,78,722,0,34,18
0,Sun,22,2019,0,0,65,946,0,53,15
0,Sun,22,2018,1,0,68,894,0,14,5
0,Sun,23,2022,0,0,30,401,0,20,6
0,Sun,23,2021,1,0,118,795,0,28,17
0,Sun,23,2020,2,0,55,625,0,8,13
0,Sun,23,2019,1,0,44,646,0,22,12
0,Sun,23,2018,3,0,42,686,0,22,12
1,Mon,0,2022,0,0,24,311,0,17,5
1,Mon,0,2021,1,0,87,587,0,36,13
1,Mon,0,2020,0,0,65,510,0,21,10
1,Mon,0,2019,0,0,38,453,0,14,4
1,Mon,0,2018,1,0,42,500,0,17,6
1,Mon,1,2022,1,0,29,232,0,8,6
1,Mon,1,2021,2,0,39,551,0,37,9
1,Mon,1,2020,1,0,47,376,0,13,9
1,Mon,1,2019,1,0,26,376,0,15,9
1,Mon,1,2018,0,0,34,487,0,12,11
1,Mon,2,2022,0,0,21,169,0,6,7
1,Mon,2,2021,1,0,35,323,0,7,14
1,Mon,2,2020,2,0,35,242,0,12,4
1,Mon,2,2019,2,0,28,316,0,29,2
1,Mon,2,2018,3,0,19,365,0,8,12
1,Mon,3,2022,1,0,11,128,0,1,7
1,Mon,3,2021,0,0,18,211,0,3,2
1,Mon,3,2020,1,0,12,178,0,9,6
1,Mon,3,2019,1,0,24,209,0,10,8
1,Mon,3,2018,2,0,27,264,0,13,9
1,Mon,4,2022,0,0,19,126,0,6,2
1,Mon,4,2021,1,0,19,250,0,4,5
1,Mon,4,2020,0,0,21,167,0,6,3
1,Mon,4,2019,0,0,18,259,0,10,5
1,Mon,4,2018,1,0,23,268,0,9,5
1,Mon,5,2022,1,0,16,162,0,2,0
1,Mon,5,2021,0,0,18,329,0,4,8
1,Mon,5,2020,0,0,21,312,0,10,3
1,Mon,5,2019,1,0,28,399,0,5,7
1,Mon,5,2018,1,0,22,416,0,28,5
1,Mon,6,2022,0,0,15,285,0,4,4
1,Mon,6,2021,1,0,33,511,0,18,15
1,Mon,6,2020,0,0,18,504,0,15,8
1,Mon,6,2019,0,0,34,961,0,30,5
1,Mon,6,2018,0,0,32,793,0,36,9
1,Mon,7,2022,0,0,39,829,0,21,2
1,Mon,7,2021,0,0,64,1174,0,28,7
1,Mon,7,2020,0,0,35,858,0,26,14
1,Mon,7,2019,1,0,87,1949,0,55,9
1,Mon,7,2018,1,0,87,2221,0,51,14
1,Mon,8,2022,0,0,62,1117,0,32,5
1,Mon,8,2021,2,0,71,1525,0,46,12
1,Mon,8,2020,0,0,54,997,0,29,11
1,Mon,8,2019,2,0,106,2341,0,64,20
1,Mon,8,2018,0,0,123,2592,0,92,22
1,Mon,9,2022,0,0,36,805,0,33,4
1,Mon,9,2021,0,0,100,1318,0,49,13
1,Mon,9,2020,0,0,59,917,0,22,7
1,Mon,9,2019,2,0,93,1684,0,48,12
1,Mon,9,2018,1,0,83,1846,0,50,20
1,Mon,10,2022,0,0,38,669,0,22,4
1,Mon,10,2021,0,0,55,1296,0,37,8
1,Mon,10,2020,0,0,49,979,0,42,9
1,Mon,10,2019,0,0,68,1500,0,36,13
1,Mon,10,2018,0,0,80,1532,0,40,12
1,Mon,11,2022,0,0,40,702,0,36,3
1,Mon,11,2021,3,0,60,1572,0,39,21
1,Mon,11,2020,0,0,73,1289,0,48,17
1,Mon,11,2019,1,0,69,1566,0,42,26
1,Mon,11,2018,0,0,71,1699,0,63,16
1,Mon,12,2022,0,0,45,952,0,20,17
1,Mon,12,2021,1,0,100,1683,0,43,15
1,Mon,12,2020,1,0,97,1563,0,54,16
1,Mon,12,2019,1,0,64,1917,0,42,16
1,Mon,12,2018,0,0,88,1982,0,69,10
1,Mon,13,2022,0,0,36,863,0,19,8
1,Mon,13,2021,1,0,76,1787,0,55,16
1,Mon,13,2020,2,0,90,1667,0,59,20
1,Mon,13,2019,0,0,89,1998,0,65,12
1,Mon,13,2018,1,0,81,1924,0,76,14
1,Mon,14,2022,1,0,56,1055,0,30,10
1,Mon,14,2021,1,0,95,1944,0,60,19
1,Mon,14,2020,1,0,99,1857,0,46,11
1,Mon,14,2019,1,0,114,2208,0,85,21
1,Mon,14,2018,0,0,111,2377,0,78,24
1,Mon,15,2022,0,0,77,1429,0,33,13
1,Mon,15,2021,1,0,116,2539,0,79,33
1,Mon,15,2020,1,0,94,1932,0,75,22
1,Mon,15,2019,1,0,99,2899,0,82,18
1,Mon,15,2018,1,0,127,3058,0,87,28
1,Mon,16,2022,1,0,66,1358,0,53,7
1,Mon,16,2021,1,0,128,2422,0,87,24
1,Mon,16,2020,0,0,113,2057,0,66,21
1,Mon,16,2019,0,0,131,3062,0,99,22
1,Mon,16,2018,0,0,124,2965,0,76,26
1,Mon,17,2022,2,0,73,1246,0,38,15
1,Mon,17,2021,0,0,129,2109,0,72,18
1,Mon,17,2020,0,0,109,1865,0,63,16
1,Mon,17,2019,0,0,132,2871,0,107,34
1,Mon,17,2018,0,0,120,2620,0,79,34
1,Mon,18,2022,0,0,49,904,0,35,10
1,Mon,18,2021,1,0,93,1895,0,47,25
1,Mon,18,2020,0,0,105,1378,0,40,19
1,Mon,18,2019,1,0,124,2005,0,80,21
1,Mon,18,2018,2,0,102,2218,0,75,26
1,Mon,19,2022,2,0,36,623,0,24,8
1,Mon,19,2021,2,0,81,1266,0,39,12
1,Mon,19,2020,2,0,86,1008,0,31,20
1,Mon,19,2019,1,0,95,1318,0,40,17
1,Mon,19,2018,3,0,74,1401,0,35,17
1,Mon,20,2022,2,0,52,474,0,26,9
1,Mon,20,2021,0,0,77,953,0,19,8
1,Mon,20,2020,0,0,91,921,0,39,15
1,Mon,20,2019,1,0,66,958,0,34,11
1,Mon,20,2018,2,0,75,1118,0,32,9
1,Mon,21,2022,0,0,23,420,0,23,7
1,Mon,21,2021,2,0,65,864,0,24,21
1,Mon,21,2020,1,0,61,697,0,34,12
1,Mon,21,2019,0,0,44,810,0,30,10
1,Mon,21,2018,0,0,54,896,0,40,13
1,Mon,22,2022,1,0,36,352,0,22,5
1,Mon,22,2021,1,0,55,716,0,25,8
1,Mon,22,2020,3,0,54,571,0,21,12
1,Mon,22,2019,0,0,52,733,0,29,6
1,Mon,22,2018,1,0,69,833,0,27,7
1,Mon,23,2022,3,0,27,282,0,13,6
1,Mon,23,2021,0,0,48,480,0,14,11
1,Mon,23,2020,0,0,53,472,0,9,5
1,Mon,23,2019,0,0,32,438,0,22,7
1,Mon,23,2018,0,0,31,468,0,15,10
2,Tue,0,2022,0,0,15,213,0,10,3
2,Tue,0,2021,1,0,28,378,0,15,3
2,Tue,0,2020,0,0,41,317,0,13,4
2,Tue,0,2019,0,0,23,363,0,14,5
2,Tue,0,2018,0,0,27,307,0,17,5
2,Tue,1,2022,0,0,15,140,0,8,3
2,Tue,1,2021,1,0,22,227,0,4,8
2,Tue,1,2020,0,0,29,210,0,8,5
2,Tue,1,2019,1,0,19,238,0,6,7
2,Tue,1,2018,0,0,25,230,0,6,7
2,Tue,2,2022,0,0,5,103,0,11,2
2,Tue,2,2021,1,0,23,173,0,8,1
2,Tue,2,2020,0,0,32,145,0,3,4
2,Tue,2,2019,0,0,24,226,0,3,6
2,Tue,2,2018,0,0,23,167,0,6,6
2,Tue,3,2022,0,0,6,69,0,0,0
2,Tue,3,2021,1,0,9,148,0,4,7
2,Tue,3,2020,0,0,10,126,0,4,2
2,Tue,3,2019,1,0,16,204,0,4,1
2,Tue,3,2018,2,0,8,134,0,7,2
2,Tue,4,2022,0,0,8,97,0,3,2
2,Tue,4,2021,0,0,11,153,0,5,6
2,Tue,4,2020,1,0,12,112,0,5,3
2,Tue,4,2019,0,0,12,201,0,2,0
2,Tue,4,2018,0,0,11,154,0,5,1
2,Tue,5,2022,0,0,14,154,0,4,0
2,Tue,5,2021,0,0,18,254,0,7,4
2,Tue,5,2020,0,0,17,246,0,6,3
2,Tue,5,2019,0,0,60,382,0,7,10
2,Tue,5,2018,0,0,21,359,0,15,6
2,Tue,6,2022,0,0,19,346,0,10,5
2,Tue,6,2021,0,0,21,495,0,19,8
2,Tue,6,2020,0,0,30,446,0,12,11
2,Tue,6,2019,0,0,78,855,0,29,10
2,Tue,6,2018,0,0,45,900,0,28,10
2,Tue,7,2022,0,0,33,926,0,33,8
2,Tue,7,2021,0,0,54,1287,0,36,8
2,Tue,7,2020,0,0,57,955,0,38,9
2,Tue,7,2019,0,0,107,2269,0,63,17
2,Tue,7,2018,0,0,106,2143,0,84,19
2,Tue,8,2022,0,0,48,1160,0,41,11
2,Tue,8,2021,0,0,67,1646,0,43,12
2,Tue,8,2020,2,0,77,1219,0,28,12
2,Tue,8,2019,1,0,120,2752,0,81,24
2,Tue,8,2018,0,0,126,2880,0,86,23
2,Tue,9,2022,0,0,49,761,0,35,6
2,Tue,9,2021,2,0,70,1376,0,40,6
2,Tue,9,2020,0,0,40,953,0,27,13
2,Tue,9,2019,1,0,78,1902,0,40,19
2,Tue,9,2018,0,0,95,1993,0,46,17
2,Tue,10,2022,0,0,41,705,0,17,12
2,Tue,10,2021,0,0,56,1222,0,40,9
2,Tue,10,2020,0,0,80,1068,0,26,17
2,Tue,10,2019,3,0,57,1688,0,53,22
2,Tue,10,2018,0,0,69,1511,0,45,23
2,Tue,11,2022,0,0,39,712,0,15,5
2,Tue,11,2021,2,0,117,1509,0,47,17
2,Tue,11,2020,0,0,35,1359,0,63,21
2,Tue,11,2019,1,0,83,1774,0,46,21
2,Tue,11,2018,0,0,85,1648,0,48,20
2,Tue,12,2022,0,0,42,942,0,29,9
2,Tue,12,2021,0,0,72,1675,0,45,12
2,Tue,12,2020,1,0,97,1582,0,45,8
2,Tue,12,2019,2,0,100,1900,0,65,22
2,Tue,12,2018,1,0,102,1926,0,53,18
2,Tue,13,2022,0,0,52,980,0,36,6
2,Tue,13,2021,0,0,96,1865,0,66,13
2,Tue,13,2020,0,0,90,1595,0,58,12
2,Tue,13,2019,0,0,99,1905,0,72,16
2,Tue,13,2018,1,0,113,1833,0,67,14
2,Tue,14,2022,4,0,50,1028,0,27,6
2,Tue,14,2021,0,0,115,2010,0,60,24
2,Tue,14,2020,0,0,120,1866,0,54,17
2,Tue,14,2019,0,0,105,2262,0,68,13
2,Tue,14,2018,0,0,98,2262,0,64,11
2,Tue,15,2022,0,0,77,1514,0,46,12
2,Tue,15,2021,0,0,122,2407,0,66,20
2,Tue,15,2020,1,0,107,2173,0,58,25
2,Tue,15,2019,1,0,137,2945,0,75,14
2,Tue,15,2018,1,0,136,2938,0,85,21
2,Tue,16,2022,1,0,65,1441,0,43,14
2,Tue,16,2021,0,0,147,2777,0,87,24
2,Tue,16,2020,2,0,129,2195,0,74,11
2,Tue,16,2019,0,0,157,3062,0,90,19
2,Tue,16,2018,2,0,151,3060,0,89,19
2,Tue,17,2022,0,0,71,1361,0,45,21
2,Tue,17,2021,1,0,165,2449,0,75,26
2,Tue,17,2020,0,0,106,2233,0,77,17
2,Tue,17,2019,0,0,142,3181,0,93,29
2,Tue,17,2018,0,0,138,3098,0,93,19
2,Tue,18,2022,0,0,39,1002,0,40,8
2,Tue,18,2021,1,0,114,1887,0,72,27
2,Tue,18,2020,1,0,136,1813,0,63,17
2,Tue,18,2019,0,0,99,2378,0,57,24
2,Tue,18,2018,1,0,116,2420,0,64,13
2,Tue,19,2022,0,0,39,634,0,21,4
2,Tue,19,2021,1,0,85,1350,0,44,15
2,Tue,19,2020,4,0,95,1152,0,53,13
2,Tue,19,2019,0,0,82,1500,0,44,14
2,Tue,19,2018,3,0,76,1444,0,34,14
2,Tue,20,2022,3,0,32,468,0,21,11
2,Tue,20,2021,3,0,115,1046,0,31,10
2,Tue,20,2020,0,0,64,899,0,25,22
2,Tue,20,2019,1,0,75,1070,0,49,12
2,Tue,20,2018,0,0,62,1013,0,22,13
2,Tue,21,2022,0,0,49,413,0,12,8
2,Tue,21,2021,0,0,69,898,0,29,16
2,Tue,21,2020,0,0,53,760,0,35,17
2,Tue,21,2019,1,0,46,908,0,21,8
2,Tue,21,2018,1,0,74,872,0,40,15
2,Tue,22,2022,0,0,33,405,0,11,6
2,Tue,22,2021,0,0,82,767,0,28,14
2,Tue,22,2020,1,0,44,597,0,18,11
2,Tue,22,2019,0,0,64,771,0,35,14
2,Tue,22,2018,0,0,54,707,0,21,13
2,Tue,23,2022,0,0,19,251,0,5,4
2,Tue,23,2021,1,0,58,512,0,28,15
2,Tue,23,2020,0,0,47,466,0,10,9
2,Tue,23,2019,0,0,41,541,0,20,6
2,Tue,23,2018,1,0,37,585,0,23,9
3,Wed,0,2022,0,0,19,213,0,8,3
3,Wed,0,2021,5,0,60,430,0,9,8
3,Wed,0,2020,0,0,37,513,0,9,9
3,Wed,0,2019,0,0,16,347,0,14,12
3,Wed,0,2018,1,0,42,343,0,13,6
3,Wed,1,2022,0,0,12,160,0,9,2
3,Wed,1,2021,2,0,26,310,0,10,10
3,Wed,1,2020,0,0,25,296,0,4,5
3,Wed,1,2019,1,0,23,241,0,8,5
3,Wed,1,2018,0,0,13,290,0,5,0
3,Wed,2,2022,0,0,11,102,0,1,1
3,Wed,2,2021,0,0,22,219,0,6,6
3,Wed,2,2020,1,0,13,216,0,13,1
3,Wed,2,2019,1,0,22,203,0,8,2
3,Wed,2,2018,0,0,31,210,0,6,1
3,Wed,3,2022,1,0,7,90,0,2,4
3,Wed,3,2021,1,0,10,151,0,5,3
3,Wed,3,2020,4,0,8,172,0,9,6
3,Wed,3,2019,0,0,5,127,0,11,3
3,Wed,3,2018,3,0,14,142,0,0,2
3,Wed,4,2022,1,0,19,121,0,3,0
3,Wed,4,2021,1,0,21,170,0,5,1
3,Wed,4,2020,1,0,16,190,0,5,3
3,Wed,4,2019,0,0,15,154,0,4,5
3,Wed,4,2018,1,0,21,145,0,6,2
3,Wed,5,2022,1,0,12,149,0,1,1
3,Wed,5,2021,0,0,20,284,0,7,2
3,Wed,5,2020,0,0,20,240,0,6,5
3,Wed,5,2019,2,0,34,366,0,14,4
3,Wed,5,2018,0,0,21,352,0,10,2
3,Wed,6,2022,1,0,20,291,0,12,3
3,Wed,6,2021,0,0,42,537,0,21,8
3,Wed,6,2020,1,0,27,464,0,21,8
3,Wed,6,2019,1,0,44,829,0,29,11
3,Wed,6,2018,0,0,77,915,0,26,12
3,Wed,7,2022,1,0,32,905,0,27,6
3,Wed,7,2021,0,0,62,1244,0,40,12
3,Wed,7,2020,1,0,66,914,0,37,8
3,Wed,7,2019,0,0,86,2107,0,46,17
3,Wed,7,2018,0,0,115,2433,0,64,15
3,Wed,8,2022,0,0,55,1153,0,24,10
3,Wed,8,2021,0,0,83,1497,0,45,16
3,Wed,8,2020,0,0,64,1235,0,39,24
3,Wed,8,2019,0,0,115,2596,0,97,18
3,Wed,8,2018,0,0,128,2601,0,95,23
3,Wed,9,2022,0,0,38,763,0,36,4
3,Wed,9,2021,4,0,91,1346,0,38,15
3,Wed,9,2020,0,0,55,1024,0,41,12
3,Wed,9,2019,0,0,96,1898,0,49,18
3,Wed,9,2018,0,0,93,1754,0,72,16
3,Wed,10,2022,0,0,26,718,0,25,7
3,Wed,10,2021,0,0,81,1271,0,34,9
3,Wed,10,2020,0,0,62,1129,0,57,8
3,Wed,10,2019,0,0,67,1503,0,44,15
3,Wed,10,2018,0,0,76,1502,0,48,13
3,Wed,11,2022,0,0,20,729,0,27,3
3,Wed,11,2021,0,0,90,1497,0,60,8
3,Wed,11,2020,2,0,84,1226,0,55,16
3,Wed,11,2019,1,0,79,1571,0,50,11
3,Wed,11,2018,2,0,74,1529,0,40,14
3,Wed,12,2022,0,0,46,850,0,17,12
3,Wed,12,2021,0,0,88,1761,0,49,14
3,Wed,12,2020,3,0,75,1626,0,58,15
3,Wed,12,2019,0,0,95,1672,0,57,7
3,Wed,12,2018,2,0,84,1883,0,46,10
3,Wed,13,2022,1,0,41,880,0,30,8
3,Wed,13,2021,2,0,101,1832,0,51,20
3,Wed,13,2020,3,0,59,1642,0,75,16
3,Wed,13,2019,2,0,130,1886,0,47,29
3,Wed,13,2018,0,0,96,1962,0,69,19
3,Wed,14,2022,0,0,63,1157,0,35,10
3,Wed,14,2021,0,0,122,2140,0,79,18
3,Wed,14,2020,2,0,119,1962,0,70,24
3,Wed,14,2019,1,0,87,2151,0,62,18
3,Wed,14,2018,0,0,115,2299,0,66,18
3,Wed,15,2022,0,0,70,1420,0,52,10
3,Wed,15,2021,0,0,150,2704,0,68,18
3,Wed,15,2020,0,0,89,2155,0,76,19
3,Wed,15,2019,2,0,154,2838,0,73,26
3,Wed,15,2018,0,0,139,2786,0,80,19
3,Wed,16,2022,0,0,74,1437,0,30,8
3,Wed,16,2021,0,0,141,2468,0,76,17
3,Wed,16,2020,0,0,106,2255,0,70,21
3,Wed,16,2019,0,0,121,3086,0,99,30
3,Wed,16,2018,0,0,149,2952,0,100,24
3,Wed,17,2022,0,0,55,1214,0,41,10
3,Wed,17,2021,0,0,152,2564,0,63,15
3,Wed,17,2020,0,0,141,2203,0,59,21
3,Wed,17,2019,1,0,126,2931,0,94,17
3,Wed,17,2018,0,0,119,2972,0,86,34
3,Wed,18,2022,0,0,48,1013,0,29,8
3,Wed,18,2021,2,0,110,2018,0,81,24
3,Wed,18,2020,0,0,118,1718,0,51,17
3,Wed,18,2019,0,0,125,2186,0,87,16
3,Wed,18,2018,0,0,103,2201,0,63,22
3,Wed,19,2022,1,0,37,637,0,24,7
3,Wed,19,2021,1,0,88,1333,0,28,22
3,Wed,19,2020,2,0,98,1134,0,37,12
3,Wed,19,2019,1,0,87,1540,0,44,14
3,Wed,19,2018,0,0,88,1464,0,59,22
3,Wed,20,2022,1,0,35,503,0,13,2
3,Wed,20,2021,1,0,73,1010,0,50,17
3,Wed,20,2020,5,0,69,1014,0,25,23
3,Wed,20,2019,0,0,92,1058,0,32,11
3,Wed,20,2018,1,0,72,1061,0,41,17
3,Wed,21,2022,3,0,51,423,0,16,6
3,Wed,21,2021,3,0,88,844,0,37,14
3,Wed,21,2020,2,0,66,848,0,30,20
3,Wed,21,2019,2,0,76,938,0,34,9
3,Wed,21,2018,1,0,73,995,0,27,20
3,Wed,22,2022,0,0,27,335,0,5,2
3,Wed,22,2021,1,0,65,737,0,23,15
3,Wed,22,2020,2,0,44,599,0,25,15
3,Wed,22,2019,0,0,48,750,0,16,10
3,Wed,22,2018,1,0,68,791,0,25,10
3,Wed,23,2022,0,0,30,251,0,6,4
3,Wed,23,2021,1,0,44,555,0,15,11
3,Wed,23,2020,8,0,65,541,0,26,7
3,Wed,23,2019,1,0,46,583,0,15,6
3,Wed,23,2018,0,0,50,624,0,27,16
4,Thu,0,2022,1,0,12,150,0,4,3
4,Thu,0,2021,1,0,57,444,0,15,8
4,Thu,0,2020,0,0,38,396,0,7,9
4,Thu,0,2019,0,0,37,417,0,20,6
4,Thu,0,2018,1,0,51,377,0,12,6
4,Thu,1,2022,0,0,16,136,0,6,6
4,Thu,1,2021,1,0,36,360,0,20,3
4,Thu,1,2020,0,0,18,277,0,1,7
4,Thu,1,2019,1,0,15,238,0,6,6
4,Thu,1,2018,3,0,20,215,0,9,5
4,Thu,2,2022,0,0,5,76,0,4,6
4,Thu,2,2021,1,0,22,266,0,11,11
4,Thu,2,2020,1,0,20,224,0,8,8
4,Thu,2,2019,4,0,23,230,0,4,8
4,Thu,2,2018,2,0,13,202,0,13,8
4,Thu,3,2022,1,0,3,60,0,7,3
4,Thu,3,2021,1,0,17,196,0,5,3
4,Thu,3,2020,0,0,21,141,0,5,3
4,Thu,3,2019,0,0,15,152,0,3,9
4,Thu,3,2018,1,0,14,183,0,5,3
4,Thu,4,2022,0,0,12,84,0,2,1
4,Thu,4,2021,0,0,8,171,0,3,6
4,Thu,4,2020,0,0,16,152,0,6,5
4,Thu,4,2019,1,0,13,165,0,6,2
4,Thu,4,2018,1,0,17,183,0,5,7
4,Thu,5,2022,0,0,11,141,0,3,3
4,Thu,5,2021,1,0,30,278,0,11,8
4,Thu,5,2020,0,0,22,294,0,6,4
4,Thu,5,2019,0,0,20,382,0,9,1
4,Thu,5,2018,0,0,24,399,0,14,5
4,Thu,6,2022,1,0,23,335,0,11,5
4,Thu,6,2021,0,0,39,534,0,16,7
4,Thu,6,2020,0,0,34,468,0,19,5
4,Thu,6,2019,0,0,69,843,0,22,23
4,Thu,6,2018,0,0,47,826,0,22,12
4,Thu,7,2022,0,0,41,882,0,33,4
4,Thu,7,2021,0,0,71,1209,0,39,11
4,Thu,7,2020,0,0,62,839,0,39,8
4,Thu,7,2019,0,0,78,2038,0,57,24
4,Thu,7,2018,1,0,82,2038,0,72,15
4,Thu,8,2022,1,0,53,1061,0,50,2
4,Thu,8,2021,0,0,74,1500,0,47,14
4,Thu,8,2020,0,0,44,1161,0,26,8
4,Thu,8,2019,0,0,106,2490,0,65,24
4,Thu,8,2018,0,0,116,2580,0,70,31
4,Thu,9,2022,1,0,36,701,0,23,6
4,Thu,9,2021,0,0,62,1169,0,38,14
4,Thu,9,2020,0,0,44,1088,0,35,5
4,Thu,9,2019,3,0,84,1814,0,54,17
4,Thu,9,2018,0,0,92,1828,0,51,21
4,Thu,10,2022,0,0,30,671,0,26,9
4,Thu,10,2021,2,0,87,1304,0,44,17
4,Thu,10,2020,1,0,58,1153,0,37,8
4,Thu,10,2019,0,0,92,1555,0,48,17
4,Thu,10,2018,1,0,70,1560,0,46,15
4,Thu,11,2022,0,0,34,695,0,18,7
4,Thu,11,2021,1,0,85,1420,0,35,10
4,Thu,11,2020,1,0,83,1530,0,34,16
4,Thu,11,2019,0,0,78,1640,0,57,10
4,Thu,11,2018,1,0,85,1740,0,44,21
4,Thu,12,2022,0,0,37,829,0,29,6
4,Thu,12,2021,0,0,90,1606,0,49,18
4,Thu,12,2020,1,0,85,1609,0,45,13
4,Thu,12,2019,3,0,87,1945,0,60,16
4,Thu,12,2018,2,0,88,1916,0,54,17
4,Thu,13,2022,2,0,33,888,0,23,9
4,Thu,13,2021,0,0,103,1859,0,58,18
4,Thu,13,2020,0,0,72,1680,0,47,22
4,Thu,13,2019,0,0,110,1836,0,64,19
4,Thu,13,2018,0,0,85,2008,0,68,22
4,Thu,14,2022,1,0,57,1080,1,27,5
4,Thu,14,2021,1,0,107,2071,0,69,14
4,Thu,14,2020,2,0,116,1889,0,46,25
4,Thu,14,2019,0,0,107,2052,0,68,23
4,Thu,14,2018,0,0,87,2287,0,61,13
4,Thu,15,2022,0,0,81,1608,0,40,7
4,Thu,15,2021,2,0,134,2692,0,74,15
4,Thu,15,2020,1,0,129,2141,0,70,17
4,Thu,15,2019,0,0,152,2762,0,83,26
4,Thu,15,2018,0,0,147,2852,0,93,23
4,Thu,16,2022,0,0,56,1660,0,48,5
4,Thu,16,2021,0,0,141,2630,0,71,19
4,Thu,16,2020,0,0,133,2127,0,74,24
4,Thu,16,2019,0,0,139,3055,0,86,28
4,Thu,16,2018,1,0,146,3116,0,73,22
4,Thu,17,2022,0,0,73,1332,0,40,10
4,Thu,17,2021,0,0,150,2481,0,77,21
4,Thu,17,2020,0,0,105,2110,0,68,14
4,Thu,17,2019,1,0,164,3089,0,81,25
4,Thu,17,2018,2,0,153,3147,0,70,22
4,Thu,18,2022,1,0,51,1050,0,34,6
4,Thu,18,2021,2,0,141,2033,0,63,16
4,Thu,18,2020,1,0,93,1853,0,68,14
4,Thu,18,2019,1,0,102,2408,0,79,32
4,Thu,18,2018,0,0,102,2360,0,57,16
4,Thu,19,2022,0,0,53,751,0,15,6
4,Thu,19,2021,2,0,76,1412,0,45,17
4,Thu,19,2020,1,0,87,1278,0,55,12
4,Thu,19,2019,2,0,97,1612,0,67,14
4,Thu,19,2018,0,0,102,1652,0,56,23
4,Thu,20,2022,1,0,44,626,0,34,11
4,Thu,20,2021,1,0,79,1137,0,53,13
4,Thu,20,2020,0,0,87,979,0,24,22
4,Thu,20,2019,3,0,82,1262,0,52,29
4,Thu,20,2018,0,0,79,1150,0,38,16
4,Thu,21,2022,1,0,45,476,0,21,7
4,Thu,21,2021,2,0,61,925,0,33,12
4,Thu,21,2020,1,0,60,840,0,25,11
4,Thu,21,2019,3,0,64,1164,0,36,18
4,Thu,21,2018,4,0,67,951,0,31,16
4,Thu,22,2022,1,0,43,412,0,10,4
4,Thu,22,2021,1,0,86,800,0,36,3
4,Thu,22,2020,5,0,59,728,0,28,17
4,Thu,22,2019,0,0,61,915,0,44,5
4,Thu,22,2018,0,0,57,851,0,22,6
4,Thu,23,2022,0,0,32,340,0,19,9
4,Thu,23,2021,6,0,64,673,0,22,15
4,Thu,23,2020,5,0,80,607,0,20,13
4,Thu,23,2019,0,0,53,667,0,27,14
4,Thu,23,2018,0,0,43,651,0,28,10
5,Fri,0,2022,0,0,34,304,0,11,3
5,Fri,0,2021,0,0,62,568,0,27,9
5,Fri,0,2020,0,0,48,477,0,20,4
5,Fri,0,2019,0,0,31,449,0,17,9
5,Fri,0,2018,1,0,26,454,0,23,8
5,Fri,1,2022,0,0,12,174,0,5,5
5,Fri,1,2021,0,0,38,497,0,19,13
5,Fri,1,2020,2,0,37,364,0,20,8
5,Fri,1,2019,1,0,40,417,0,14,6
5,Fri,1,2018,6,0,13,363,0,7,8
5,Fri,2,2022,1,0,15,142,0,3,0
5,Fri,2,2021,1,0,44,320,0,13,5
5,Fri,2,2020,1,0,30,217,0,10,5
5,Fri,2,2019,0,0,45,284,0,17,5
5,Fri,2,2018,0,0,38,246,0,12,9
5,Fri,3,2022,0,0,11,134,0,2,3
5,Fri,3,2021,1,0,29,266,0,5,5
5,Fri,3,2020,1,0,21,171,0,4,0
5,Fri,3,2019,0,0,31,207,0,14,1
5,Fri,3,2018,1,0,16,202,0,7,5
5,Fri,4,2022,2,0,10,115,0,6,1
5,Fri,4,2021,0,0,20,252,0,8,3
5,Fri,4,2020,0,0,19,179,0,4,9
5,Fri,4,2019,0,0,23,248,0,5,2
5,Fri,4,2018,0,0,18,273,0,5,6
5,Fri,5,2022,0,0,16,196,0,4,1
5,Fri,5,2021,2,0,27,308,0,11,2
5,Fri,5,2020,0,0,18,237,0,10,9
5,Fri,5,2019,0,0,13,419,0,10,3
5,Fri,5,2018,0,0,34,396,0,13,3
5,Fri,6,2022,0,0,29,300,0,3,3
5,Fri,6,2021,1,0,40,545,0,21,6
5,Fri,6,2020,0,0,28,482,0,7,6
5,Fri,6,2019,0,0,52,696,0,23,9
5,Fri,6,2018,0,0,42,785,0,29,11
5,Fri,7,2022,0,0,32,787,0,27,6
5,Fri,7,2021,0,0,56,1134,0,20,7
5,Fri,7,2020,1,0,58,992,0,25,8
5,Fri,7,2019,0,0,96,1815,0,56,15
5,Fri,7,2018,0,0,88,1874,0,51,19
5,Fri,8,2022,0,0,39,936,0,29,5
5,Fri,8,2021,2,0,73,1467,0,53,14
5,Fri,8,2020,0,0,69,1130,0,29,9
5,Fri,8,2019,0,0,80,2169,0,61,15
5,Fri,8,2018,1,0,105,2296,0,67,22
5,Fri,9,2022,0,0,37,827,0,25,4
5,Fri,9,2021,0,0,72,1190,0,54,8
5,Fri,9,2020,0,0,96,1212,0,53,8
5,Fri,9,2019,1,0,85,1604,0,37,19
5,Fri,9,2018,0,0,84,1856,0,55,15
5,Fri,10,2022,1,0,43,831,0,20,7
5,Fri,10,2021,1,0,86,1405,0,47,10
5,Fri,10,2020,2,0,75,1405,0,43,11
5,Fri,10,2019,1,0,70,1564,0,48,14
5,Fri,10,2018,0,0,64,1651,0,60,12
5,Fri,11,2022,1,0,58,873,0,40,9
5,Fri,11,2021,0,0,83,1816,0,74,22
5,Fri,11,2020,2,0,87,1682,0,52,8
5,Fri,11,2019,1,0,81,1726,0,45,20
5,Fri,11,2018,0,0,92,1833,0,81,13
5,Fri,12,2022,0,0,34,1071,0,48,7
5,Fri,12,2021,1,0,98,2083,0,71,18
5,Fri,12,2020,1,0,112,1838,0,49,18
5,Fri,12,2019,1,0,84,2145,0,62,13
5,Fri,12,2018,2,0,92,2129,0,69,25
5,Fri,13,2022,0,0,57,1082,0,22,7
5,Fri,13,2021,0,0,127,2235,0,80,23
5,Fri,13,2020,1,0,111,1931,0,74,15
5,Fri,13,2019,0,0,89,2239,0,54,16
5,Fri,13,2018,0,0,120,2418,0,59,8
5,Fri,14,2022,0,0,65,1274,0,42,12
5,Fri,14,2021,2,0,109,2284,0,78,21
5,Fri,14,2020,0,0,122,2176,0,62,17
5,Fri,14,2019,1,0,121,2669,0,76,23
5,Fri,14,2018,0,0,127,2750,0,67,33
5,Fri,15,2022,0,0,82,1596,0,38,13
5,Fri,15,2021,0,0,145,3148,0,71,14
5,Fri,15,2020,1,0,133,2448,0,97,20
5,Fri,15,2019,0,0,122,3039,0,107,11
5,Fri,15,2018,0,0,142,3169,0,98,23
5,Fri,16,2022,1,0,91,1557,0,52,10
5,Fri,16,2021,0,0,150,3283,0,105,17
5,Fri,16,2020,1,0,119,2501,0,86,34
5,Fri,16,2019,0,0,131,3306,0,88,14
5,Fri,16,2018,1,0,145,3372,0,73,29
5,Fri,17,2022,0,0,56,1506,0,47,9
5,Fri,17,2021,4,0,141,2891,0,76,21
5,Fri,17,2020,2,0,117,2739,0,75,20
5,Fri,17,2019,0,0,116,3304,0,81,30
5,Fri,17,2018,0,0,103,3281,0,66,25
5,Fri,18,2022,1,0,89,1158,0,20,4
5,Fri,18,2021,0,0,136,2596,0,88,12
5,Fri,18,2020,2,0,131,2128,0,70,28
5,Fri,18,2019,0,0,142,2760,0,70,28
5,Fri,18,2018,0,0,129,2614,0,86,36
5,Fri,19,2022,2,0,57,899,0,39,14
5,Fri,19,2021,2,0,134,1970,0,58,14
5,Fri,19,2020,0,0,116,1657,0,47,23
5,Fri,19,2019,1,0,93,2032,0,77,22
5,Fri,19,2018,0,0,119,1937,0,55,9
5,Fri,20,2022,1,0,52,733,0,14,8
5,Fri,20,2021,0,0,96,1517,0,48,16
5,Fri,20,2020,0,0,84,1294,0,37,21
5,Fri,20,2019,2,0,112,1447,0,48,18
5,Fri,20,2018,3,0,68,1421,0,49,15
5,Fri,21,2022,1,0,40,579,0,23,8
5,Fri,21,2021,2,0,91,1322,0,48,18
5,Fri,21,2020,1,0,62,1139,0,34,29
5,Fri,21,2019,0,0,102,1424,0,52,13
5,Fri,21,2018,0,0,87,1374,0,49,19
5,Fri,22,2022,1,0,27,644,0,22,12
5,Fri,22,2021,2,0,123,1315,0,43,26
5,Fri,22,2020,3,0,97,1070,0,50,21
5,Fri,22,2019,0,0,103,1494,0,59,22
5,Fri,22,2018,1,0,77,1520,0,45,17
5,Fri,23,2022,2,0,44,589,0,21,8
5,Fri,23,2021,2,0,105,1300,0,38,10
5,Fri,23,2020,1,0,67,1020,0,35,24
5,Fri,23,2019,1,0,90,1173,0,31,12
5,Fri,23,2018,0,0,84,1212,0,30,16
6,Sat,0,2022,2,0,53,529,0,17,14
6,Sat,0,2021,1,0,81,957,0,40,25
6,Sat,0,2020,1,0,74,823,0,19,17
6,Sat,0,2019,2,0,96,1030,0,22,19
6,Sat,0,2018,1,0,71,933,0,43,16
6,Sat,1,2022,1,0,43,544,0,36,11
6,Sat,1,2021,4,0,118,1017,0,46,24
6,Sat,1,2020,1,0,97,780,0,43,18
6,Sat,1,2019,0,0,57,772,0,22,18
6,Sat,1,2018,1,0,59,855,0,32,10
6,Sat,2,2022,1,0,46,466,0,21,10
6,Sat,2,2021,1,0,118,797,0,27,24
6,Sat,2,2020,0,0,66,575,0,20,11
6,Sat,2,2019,0,0,81,809,0,39,17
6,Sat,2,2018,1,0,65,813,0,41,17
6,Sat,3,2022,0,0,44,350,0,12,6
6,Sat,3,2021,1,0,60,636,0,15,13
6,Sat,3,2020,4,0,46,382,0,11,9
6,Sat,3,2019,2,0,70,558,0,13,14
6,Sat,3,2018,0,0,60,613,0,17,9
6,Sat,4,2022,0,0,27,264,0,2,7
6,Sat,4,2021,0,0,48,396,0,15,12
6,Sat,4,2020,1,0,36,374,0,14,12
6,Sat,4,2019,2,0,43,524,0,17,11
6,Sat,4,2018,0,0,39,416,0,11,10
6,Sat,5,2022,1,0,22,186,0,8,2
6,Sat,5,2021,0,0,24,338,0,2,3
6,Sat,5,2020,0,0,34,307,0,7,9
6,Sat,5,2019,0,0,28,351,0,10,14
6,Sat,5,2018,1,0,35,342,0,22,8
6,Sat,6,2022,0,0,15,201,0,10,3
6,Sat,6,2021,0,0,40,352,0,14,7
6,Sat,6,2020,1,0,35,386,0,12,11
6,Sat,6,2019,2,0,33,417,0,16,8
6,Sat,6,2018,1,0,38,408,0,16,7
6,Sat,7,2022,0,0,23,263,0,8,1
6,Sat,7,2021,0,0,28,502,0,11,2
6,Sat,7,2020,0,0,32,410,0,18,6
6,Sat,7,2019,1,0,44,682,0,22,11
6,Sat,7,2018,2,0,32,608,0,27,11
6,Sat,8,2022,0,0,31,415,0,21,2
6,Sat,8,2021,0,0,51,716,0,13,5
6,Sat,8,2020,0,0,21,582,0,21,7
6,Sat,8,2019,0,0,49,841,0,18,13
6,Sat,8,2018,0,0,47,922,0,21,8
6,Sat,9,2022,1,0,31,620,0,17,9
6,Sat,9,2021,0,0,67,1095,0,37,10
6,Sat,9,2020,1,0,55,822,0,22,13
6,Sat,9,2019,0,0,65,1215,0,37,14
6,Sat,9,2018,1,0,66,1351,0,38,11
6,Sat,10,2022,0,0,48,763,0,26,9
6,Sat,10,2021,2,0,71,1452,0,58,11
6,Sat,10,2020,0,0,87,1221,0,45,16
6,Sat,10,2019,0,0,61,1677,0,47,16
6,Sat,10,2018,0,0,95,1825,0,62,18
6,Sat,11,2022,0,0,38,971,0,26,9
6,Sat,11,2021,0,0,88,1925,0,56,14
6,Sat,11,2020,1,0,86,1527,0,57,18
6,Sat,11,2019,0,0,90,1938,0,44,13
6,Sat,11,2018,0,0,73,1887,0,60,19
6,Sat,12,2022,0,0,46,1134,0,31,9
6,Sat,12,2021,2,0,83,2182,0,86,24
6,Sat,12,2020,0,0,87,1906,0,62,16
6,Sat,12,2019,0,0,106,2580,0,67,16
6,Sat,12,2018,0,0,86,2425,0,60,10
6,Sat,13,2022,0,0,68,1163,0,45,12
6,Sat,13,2021,0,0,136,2371,0,65,27
6,Sat,13,2020,0,0,106,1911,0,52,23
6,Sat,13,2019,0,0,98,2526,0,72,11
6,Sat,13,2018,0,0,107,2477,0,61,25
6,Sat,14,2022,2,0,56,1325,0,36,12
6,Sat,14,2021,0,0,91,2352,0,66,22
6,Sat,14,2020,1,0,110,2025,0,52,26
6,Sat,14,2019,0,1,134,2700,0,79,23
6,Sat,14,2018,1,0,103,2457,0,86,31
6,Sat,15,2022,0,0,57,1235,0,39,5
6,Sat,15,2021,1,0,115,2316,0,65,16
6,Sat,15,2020,0,0,100,2087,0,80,15
6,Sat,15,2019,4,0,112,2775,0,67,23
6,Sat,15,2018,2,0,91,2396,0,58,21
6,Sat,16,2022,2,0,85,1147,0,41,11
6,Sat,16,2021,0,0,122,2214,0,65,19
6,Sat,16,2020,0,0,122,2195,0,56,33
6,Sat,16,2019,0,0,106,2479,0,60,20
6,Sat,16,2018,0,0,99,2298,0,66,29
6,Sat,17,2022,1,0,59,1112,0,32,9
6,Sat,17,2021,2,0,116,2191,0,59,21
6,Sat,17,2020,0,0,119,1979,0,62,29
6,Sat,17,2019,0,0,111,2503,0,59,21
6,Sat,17,2018,0,0,99,2324,0,66,16
6,Sat,18,2022,0,0,58,909,0,44,11
6,Sat,18,2021,2,0,110,1956,0,58,26
6,Sat,18,2020,1,0,105,1622,0,53,19
6,Sat,18,2019,0,0,115,2342,0,72,25
6,Sat,18,2018,1,0,79,2191,0,52,17
6,Sat,19,2022,2,0,52,796,0,35,13
6,Sat,19,2021,1,0,94,1633,0,55,14
6,Sat,19,2020,1,0,100,1494,0,56,15
6,Sat,19,2019,0,0,114,1847,0,66,13
6,Sat,19,2018,0,0,93,1885,0,53,13
6,Sat,20,2022,0,0,59,830,0,25,9
6,Sat,20,2021,0,0,99,1488,0,45,23
6,Sat,20,2020,4,0,85,1304,0,41,20
6,Sat,20,2019,0,0,84,1512,0,46,21
6,Sat,20,2018,0,0,98,1556,0,42,16
6,Sat,21,2022,0,0,48,641,0,36,4
6,Sat,21,2021,1,0,97,1387,0,40,18
6,Sat,21,2020,2,0,83,1235,0,32,21
6,Sat,21,2019,3,0,128,1520,0,39,16
6,Sat,21,2018,3,0,93,1356,0,51,24
6,Sat,22,2022,1,0,37,685,0,20,14
6,Sat,22,2021,2,0,89,1331,0,38,30
6,Sat,22,2020,0,0,91,1204,0,41,25
6,Sat,22,2019,1,0,92,1577,0,51,25
6,Sat,22,2018,0,0,92,1568,0,49,23
6,Sat,23,2022,0,0,57,789,0,32,11
6,Sat,23,2021,3,0,132,1480,0,48,27
6,Sat,23,2020,2,0,76,1113,0,40,12
6,Sat,23,2019,0,0,97,1467,0,39,18
6,Sat,23,2018,4,0,91,1549,0,35,21
